Name,MassDelta
DnCl,233.05105
DnHz,247.07793
DmPA,161.08406